A,B,O,bond_angle_a,bond_angle_c,cbm_diff,cbm_hse,cbm_k_pbe,cbm_pbe,gap_diff,gap_hse,gap_pbe,material,vbm_diff,vbm_hse,vbm_k_pbe,vbm_pbe
Ag,As,O,151.52676229589338,153.80576940785437,-0.8818999999999999,5.2483,14.0,6.1302,0.10550000000000016,0.09020000000000028,-0.01529999999999987,AgAsO,-0.9874,5.1581,10.0,6.1455
Ag,P,O,146.4887890994169,157.9080734296264,0.28969999999999985,6.51,1.0,6.2203,1.4103000000000003,1.4348999999999998,0.024599999999999508,AgPO,-1.1206000000000005,5.0751,5.0,6.1957
Ag,Sb,O,146.91952579876772,153.38554074581498,-0.4153000000000002,6.2744,2.0,6.6897,0.6640000000000006,0.6580000000000004,-0.006000000000000227,AgSbO,-1.0793000000000008,5.6164,13.0,6.6957
Au,Sb,O,143.7495955454835,152.38918962076445,-0.7736000000000001,6.2752,3.0,7.0488,0.04750000000000032,-0.06559999999999988,-0.1131000000000002,AuSbO,-0.8211000000000004,6.3408,29.0,7.1619
Ba,Ge,O,179.98523273992907,179.99175113425244,-0.3449,3.6174,1.0,3.9623,0.7786,0.7786,0.0,BaGeO,-1.1235,2.8388,1.0,3.9623
Ba,Hf,O,179.9325961000694,179.92374711697937,0.6774000000000004,6.5574,1.0,5.88,1.6117000000000004,5.1143,3.5026,BaHfO,-0.9343,1.4431,1.0,2.3774
Ba,Ti,O,179.97301164303218,179.9797912820749,0.5307000000000004,5.3516,1.0,4.8209,1.4495000000000005,3.1467000000000005,1.6972,BaTiO,-0.9188,2.2049,1.0,3.1237
Ba,Zr,O,173.791493065898,175.59199526136658,0.6904000000000003,7.4518,1.0,6.7614,1.5881000000000007,4.732800000000001,3.1447000000000003,BaZrO,-0.8976999999999999,2.719,1.0,3.6167
Be,Ge,O,135.29100279418603,133.38884086415734,0.6457999999999995,7.6827,1.0,7.0369,1.9281999999999997,4.887499999999998,2.9593,BeGeO,-1.2824000000000004,2.7952,2.0,4.0776
Be,Hf,O,134.00248878611254,129.05071897491396,0.7392000000000003,7.3399,1.0,6.6007,1.7967000000000004,6.3826,4.5859,BeHfO,-1.0575,0.9573,1.0,2.0148
Be,Si,O,138.29632662823067,138.60959192438614,0.7768000000000015,12.0157,1.0,11.2389,2.0867000000000013,7.756900000000001,5.6702,BeSiO,-1.3098999999999998,4.2588,1.0,5.5687
Be,Sn,O,133.2835068392533,127.04115169956602,0.5861000000000001,7.4258,1.0,6.8397,1.8281,4.1945,2.3664,BeSnO,-1.242,3.2313,2.0,4.4733
Be,Ti,O,135.6354489563778,131.44473942003478,0.6645000000000003,5.7934,1.0,5.1289,1.5875000000000004,3.8638,2.2763,BeTiO,-0.9229999999999998,1.9296,1.0,2.8526
Be,Zr,O,134.27659713617223,128.0705188729045,0.7448999999999995,8.4803,1.0,7.7354,1.7616999999999998,5.7477,3.986,BeZrO,-1.0168,2.7326,1.0,3.7494
Bi,Al,O,159.38864698292494,159.01164448621213,0.3880999999999997,10.2232,1.0,9.8351,1.1022999999999996,3.5780000000000003,2.4757000000000007,BiAlO,-0.7142,6.6452,2.0,7.3594
Bi,Ga,O,151.3915694328243,151.08819873655622,0.4411000000000005,9.6456,1.0,9.2045,1.1095000000000006,4.0283,2.9187999999999987,BiGaO,-0.6684000000000001,5.6173,3.0,6.2857
Bi,In,O,136.77593555341195,139.9242641084515,0.6513999999999989,9.2288,2.0,8.5774,1.2792999999999992,3.7444,2.4651000000000005,BiInO,-0.6279000000000003,5.4844,1.0,6.1123
Bi,Tl,O,128.45346233466807,136.1653038596353,0.4192,6.7871,2.0,6.3679,1.0264999999999995,1.9937999999999996,0.9672999999999998,BiTlO,-0.6072999999999995,4.7933,1.0,5.4006
Ca,Ge,O,156.36566160041411,155.65742786156858,0.4852999999999996,7.1311,1.0,6.6458,1.584699999999999,3.9903,2.4056000000000006,CaGeO,-1.0993999999999997,3.1408,12.0,4.2402
Ca,Hf,O,145.61168688510526,147.05545464111376,0.7343000000000002,7.4614,1.0,6.7271,1.7043,6.1896,4.4853000000000005,CaHfO,-0.97,1.2718,1.0,2.2418
Ca,Si,O,167.93225224947295,171.24337800988266,0.7846000000000011,11.2405,1.0,10.4559,1.884500000000001,6.004100000000001,4.1196,CaSiO,-1.0999,5.2364,1.0,6.3363
Ca,Sn,O,144.07166153207717,146.01445540231973,0.5320999999999989,7.2841,1.0,6.752000000000002,1.5874999999999986,4.198,2.610500000000001,CaSnO,-1.0553999999999997,3.0861,12.0,4.1415
Ca,Ti,O,154.1158994363173,153.68395320969947,0.5979000000000001,6.1172,1.0,5.5193,1.4939,3.8499,2.3560000000000003,CaTiO,-0.8959999999999999,2.2673,1.0,3.1633
Ca,Zr,O,143.85561812743703,145.66217016392446,0.7343999999999999,8.4503,1.0,7.7159,1.6893999999999991,5.6966,4.007200000000001,CaZrO,-0.955,2.7537,1.0,3.7087
Cd,Ge,O,150.12836127402133,151.2934534003181,0.5935999999999995,5.7383,1.0,5.1447,1.7060999999999995,2.8315,1.1254,CdGeO,-1.1125000000000005,2.9068,1.0,4.0193
Cd,Hf,O,143.7905080227257,143.5138646214204,0.7130000000000001,5.0798,1.0,4.3668,1.6673000000000004,4.1219,2.4546,CdHfO,-0.9543,0.9579,1.0,1.9122
Cd,Si,O,157.84539151712926,158.63332141695616,0.7457000000000011,8.8405,1.0,8.0948,1.8884000000000007,4.4813,2.5928999999999998,CdSiO,-1.1426999999999996,4.3592,1.0,5.5019
Cd,Sn,O,141.13826603971555,143.24539173587831,0.5947000000000005,5.5643,1.0,4.9696,1.6580000000000008,2.4970000000000003,0.8389999999999995,CdSnO,-1.0633000000000004,3.0673,1.0,4.1306
Cd,Ti,O,150.03151747061816,149.34672168303018,0.6166,5.5566,1.0,4.94,1.5157000000000005,3.677200000000001,2.1615,CdTiO,-0.8991000000000002,1.8794,1.0,2.7785
Cd,Zr,O,142.5576796266634,142.05580686851218,0.7246999999999995,6.7051,1.0,5.9804,1.649299999999999,4.2212,2.5719000000000003,CdZrO,-0.9246,2.4839,1.0,3.4085
Cs,As,O,153.94857190038587,166.26828979518302,0.27470000000000017,2.6943,1.0,2.4196,1.4184000000000003,2.184,0.7655999999999998,CsAsO,-1.1437000000000002,0.5103,2.0,1.654
Cs,Nb,O,179.99803824663203,179.99672085248054,0.2698999999999998,3.7592,1.0,3.4893,1.1388999999999996,2.3618,1.2229,CsNbO,-0.8690000000000001,1.3974,1.0,2.2664
Cs,P,O,150.78069252011386,163.78805295122768,0.4370000000000003,4.1249,1.0,3.6879,1.6102000000000003,2.8036000000000003,1.1934,CsPO,-1.1732,1.3213,2.0,2.4945
Cs,Sb,O,179.99300347118594,179.99636839072198,-0.9735999999999998,3.1263,5.0,4.0999,0.08340000000000057,0.03100000000000014,-0.05240000000000045,CsSbO,-1.0570000000000004,3.0953,1.0,4.1523
Cs,Ta,O,179.99310966459896,179.99458439174546,0.3831000000000007,4.7346,1.0,4.3515,1.2864000000000004,3.0647,1.7782999999999998,CsTaO,-0.9033,1.6699,1.0,2.5732
Cu,As,O,141.8563252817819,140.87055208448194,-0.7142,5.6292,2.0,6.3434,0.028999999999999918,0.01100000000000012,-0.017999999999999794,CuAsO,-0.7431999999999999,5.6182,1.0,6.3614
Cu,P,O,148.10150428511386,152.95547355984513,-0.4488000000000003,8.6901,1.0,9.1389,0.5706000000000007,0.6387999999999998,0.06819999999999915,CuPO,-1.019400000000001,8.0513,13.0,9.0707
Cu,Sb,O,140.21263249317303,139.95577244250765,-0.7427999999999999,6.2922,2.0,7.035,0.04389999999999983,0.013799999999999812,-0.03010000000000002,CuSbO,-0.7866999999999997,6.2784,4.0,7.0651
Cu,Ta,O,147.01008141070494,145.7053726990876,0.34330000000000016,5.8673,1.0,5.524,1.2146999999999997,2.0278,0.8131000000000004,CuTaO,-0.8713999999999995,3.8395,3.0,4.7109
K,As,O,179.98710754340027,179.53688318712625,-0.9909999999999995,2.0047,15.0,2.9957,0.1962000000000006,-0.10109999999999976,-0.29730000000000034,KAsO,-1.1872000000000005,2.1058,1.0,3.293
K,Nb,O,179.96550557920514,179.9735649555147,0.3450000000000002,3.1472,1.0,2.8022,1.2895,2.7033,1.4138,KNbO,-0.9445,0.4439,1.0,1.3884
K,P,O,153.999296320278,164.72922532043776,0.3272999999999997,4.3218,1.0,3.9945,1.5459999999999998,2.7433,1.1972999999999998,KPO,-1.2187,1.5785,10.0,2.7972
K,Sb,O,172.4532375219964,172.66258768265354,-0.5874000000000001,3.3781,1.0,3.9655,0.5943999999999998,0.7441,0.14970000000000014,KSbO,-1.1818,2.634,1.0,3.8158
K,Ta,O,179.98789456578942,179.9854341789614,0.4510000000000001,4.1902,1.0,3.7392,1.4337000000000004,3.5125,2.0788,KTaO,-0.9827,0.6777,1.0,1.6604
K,V,O,179.99787459348263,179.98337533611956,0.033999999999999815,2.2921,1.0,2.2581,0.9815999999999996,1.0068,0.02520000000000033,KVO,-0.9475999999999998,1.2853,1.0,2.2329
La,Al,O,165.66626363394678,169.6383481339766,0.5914000000000001,12.2385,1.0,11.6471,1.5635000000000003,5.3348,3.7713,LaAlO,-0.9721000000000002,6.9037,10.0,7.8758
La,Ga,O,156.00494537725177,157.4965866721322,0.8870000000000005,11.1196,1.0,10.2326,1.8308,5.5789,3.7481,LaGaO,-0.9437999999999996,5.5407,17.0,6.4845
La,In,O,140.75985651068734,143.52334046371163,0.6966000000000001,9.7805,1.0,9.0839,1.5053999999999998,4.3868,2.8814,LaInO,-0.8087999999999997,5.3937,1.0,6.2025
La,Tl,O,133.70056645430532,138.7151484789233,0.2927999999999997,7.1726,1.0,6.8798,0.9547999999999996,2.0155000000000003,1.0607000000000006,LaTlO,-0.6619999999999999,5.1571,1.0,5.8191
Li,As,O,141.44845350322157,141.79093160223582,0.2052000000000005,6.2431,1.0,6.0379,1.4944000000000002,3.3908,1.8964,LiAsO,-1.2891999999999997,2.8523,4.0,4.1415
Li,Nb,O,141.88021810617582,140.53136022491063,0.3370000000000002,4.2911,1.0,3.9541,1.3140999999999998,3.673,2.3589,LiNbO,-0.9771,0.6181,1.0,1.5952
Li,P,O,147.02620780140003,147.06497920122987,0.5343,10.8052,1.0,10.2709,1.8524000000000005,5.5836999999999986,3.7312999999999987,LiPO,-1.3181000000000005,5.2215,4.0,6.5396
Li,Sb,O,138.11468770670604,137.7992986100469,0.3032000000000004,7.0467,1.0,6.7435,1.5433000000000008,3.6177000000000006,2.0744,LiSbO,-1.2401000000000004,3.429,7.0,4.6691
Li,Ta,O,142.83181117105448,141.7873893422339,0.4843000000000002,5.4785,1.0,4.9942,1.4807000000000006,4.7025000000000015,3.2218,LiTaO,-0.9964,0.7759999999999999,1.0,1.7724
Li,V,O,144.64358862100661,143.86452363299318,0.10570000000000013,3.44,1.0,3.3343,0.9405,1.7211999999999998,0.7807,LiVO,-0.8347999999999998,1.7188,1.0,2.5536
Mg,Ge,O,139.72583057407743,141.49243815989,0.5932000000000004,7.917000000000002,1.0,7.3238,1.7342000000000013,4.863000000000001,3.1288,MgGeO,-1.1410000000000005,3.054,1.0,4.195
Mg,Hf,O,134.64278777900842,134.5339367892357,0.7029000000000005,7.7358,1.0,7.0329,1.7268,6.2305,4.5037,MgHfO,-1.0238999999999998,1.5053,1.0,2.5292
Mg,Si,O,146.40634262301683,146.98959868094562,0.7631999999999994,12.1645,1.0,11.4013,2.0264999999999995,7.8416000000000015,5.815100000000001,MgSiO,-1.2633,4.3229,4.0,5.5862
Mg,Sn,O,132.60343923931524,134.2880033078259,0.5405999999999995,7.4815,1.0,6.9409,1.6544,3.9083,2.2539,MgSnO,-1.1138000000000003,3.5732,12.0,4.687
Mg,Ti,O,138.8736815849891,139.4105069819843,0.5933000000000002,6.2970000000000015,1.0,5.7037,1.5152,3.912500000000001,2.3973000000000004,MgTiO,-0.9219,2.3845,1.0,3.3064
Mg,Zr,O,133.47429593976378,133.4318714572634,0.7272000000000016,8.9684,1.0,8.2412,1.6981000000000008,5.7254000000000005,4.0272999999999985,MgZrO,-0.9708999999999994,3.2430000000000003,1.0,4.2139
Na,As,O,154.55558490531828,153.83531934069075,-0.15730000000000022,4.5367,1.0,4.694,1.1162999999999998,2.1122,0.9958999999999998,NaAsO,-1.2736,2.4245,1.0,3.6981
Na,Nb,O,156.38765516116496,155.45741135987478,0.3506999999999998,3.6795,1.0,3.3288,1.3218,3.3052,1.9834000000000005,NaNbO,-0.9711,0.3743,11.0,1.3454
Na,P,O,162.34762669155003,160.99385191850203,0.15880000000000027,8.0875,1.0,7.9287,1.4574000000000007,3.1228000000000007,1.6654,NaPO,-1.2986000000000004,4.9647,1.0,6.2633
Na,Sb,O,150.14797937347174,150.09087798430778,0.11589999999999988,5.6423,1.0,5.5264,1.3433000000000002,2.8050999999999995,1.461799999999999,NaSbO,-1.2274000000000005,2.8372,1.0,4.0646
Na,Ta,O,158.44518225259162,157.241825497461,0.4545000000000004,4.7542,1.0,4.2997,1.4594,4.1072,2.6478,NaTaO,-1.0049,0.647,1.0,1.6519
Na,V,O,163.40997427943068,164.171398435627,0.048599999999999983,2.718,1.0,2.6694,0.9919000000000002,1.2696,0.27769999999999984,NaVO,-0.9433000000000002,1.4484,1.0,2.3917
Pb,Ge,O,179.8138301334695,179.86582928320388,0.2397,7.1257,1.0,6.886,0.6723999999999997,0.8662999999999998,0.19390000000000016,PbGeO,-0.4326999999999997,6.2594,2.0,6.6921
Pb,Hf,O,159.0551094060651,159.31964798242598,0.5511000000000008,7.8901,1.0,7.338999999999999,1.1262000000000008,3.7629,2.6367,PbHfO,-0.5751,4.1272,1.0,4.7023
Pb,Si,O,179.99298964831348,179.99275912305083,0.6212999999999997,10.9702,1.0,10.3489,1.2235999999999994,2.7997,1.5761000000000005,PbSiO,-0.6022999999999996,8.1705,1.0,8.7728
Pb,Sn,O,157.62793927013408,157.7296833328661,0.5213999999999999,8.7555,1.0,8.2341,1.2045000000000003,2.7886,1.5840999999999994,PbSnO,-0.6831000000000005,5.9669,3.0,6.65
Pb,Ti,O,170.07535302695038,172.65854294879003,0.6120999999999999,7.9083,1.0,7.2962,1.1096999999999992,2.5428999999999995,1.4332000000000005,PbTiO,-0.4975999999999994,5.3654,1.0,5.863
Pb,Zr,O,156.7812055045366,156.61414820506823,0.5894999999999992,9.2364,1.0,8.6469,1.1385999999999994,3.7524,2.6138000000000003,PbZrO,-0.5491000000000001,5.484,1.0,6.0331
Rb,As,O,159.04070643907838,168.7679519677236,-0.0035000000000002807,2.2329,1.0,2.2364,1.1782999999999997,1.6865,0.5082000000000002,RbAsO,-1.1818,0.5464,1.0,1.7282
Rb,Nb,O,179.99231143363392,179.99296488732898,0.3159000000000001,3.2165,1.0,2.9006,1.2643,2.6241,1.3598,RbNbO,-0.9484,0.5924,1.0,1.5408
Rb,P,O,152.22494815330518,164.2411130803006,0.38290000000000013,3.8685,1.0,3.4856,1.5907,2.7314,1.1406999999999998,RbPO,-1.2078,1.1371,10.0,2.3449
Rb,Sb,O,179.9686233326342,179.97622616293575,-1.1466999999999996,2.6474,2.0,3.7941,0.04100000000000037,0.008800000000000363,-0.032200000000000006,RbSbO,-1.1877,2.6386,1.0,3.8263
Rb,Ta,O,179.98490091514165,179.98494648121633,0.4224000000000001,4.2321,1.0,3.8097,1.4108999999999998,3.4056,1.9947,RbTaO,-0.9885,0.8265,1.0,1.815
Rb,V,O,179.9984644805611,179.9948233465572,-0.02099999999999991,2.6779,1.0,2.6989,0.8989000000000003,1.7034000000000002,0.8045,RbVO,-0.9199,0.9745,4.0,1.8944
Sc,Al,O,140.57990401952077,142.55218078535532,0.9823000000000004,10.7651,10.0,9.7828,1.9895000000000005,6.6533000000000015,4.6638,ScAlO,-1.0072,4.1118,1.0,5.119
Sc,Ga,O,134.85943047691163,138.17485846760846,0.8641000000000005,9.2623,1.0,8.3982,1.8254000000000008,6.191,4.365599999999999,ScGaO,-0.9613000000000004,3.0713,1.0,4.0326
Sc,In,O,127.00096411712688,129.78766437546082,0.7096000000000009,8.1757,1.0,7.4661,1.568200000000001,4.449400000000002,2.8812,ScInO,-0.8586,3.7263,1.0,4.5849
Sc,Tl,O,125.67420956596241,121.96573049470335,0.39899999999999997,5.4526,1.0,5.0536,1.1778000000000004,1.9423000000000004,0.7645,ScTlO,-0.7788000000000004,3.5103,4.0,4.2891
Sn,Ge,O,173.88445849303642,170.39537097708634,-0.0882000000000005,7.3889999999999985,4.0,7.4772,0.29879999999999995,0.2160000000000002,-0.08279999999999976,SnGeO,-0.3870000000000005,7.172999999999999,11.0,7.56
Sn,Hf,O,161.17716358498228,158.8198886481924,0.5635999999999992,8.0841,1.0,7.5205,1.016099999999999,3.515299999999999,2.4992,SnHfO,-0.4524999999999997,4.5688,1.0,5.0213
Sn,Si,O,179.99406439748435,179.9894121708986,0.6745000000000001,11.6555,1.0,10.981,1.1108000000000011,2.2316000000000003,1.1207999999999991,SnSiO,-0.436300000000001,9.4239,1.0,9.8602
Sn,Sn,O,164.83960427698582,156.59909896053702,0.5555000000000003,8.1661,1.0,7.6106,1.0591,2.0004,0.9413,SnSnO,-0.5035999999999996,6.1657,11.0,6.6693
Sn,Ti,O,164.78180146053458,164.56209606668253,0.5712000000000002,7.7708,1.0,7.1996,0.8885999999999994,1.4252000000000002,0.5366000000000009,SnTiO,-0.31739999999999924,6.3456,1.0,6.6629999999999985
Sn,Zr,O,158.8508777488285,157.07341936586496,0.6415999999999986,9.2326,1.0,8.591000000000001,1.0751999999999988,3.4186,2.343400000000001,SnZrO,-0.4336000000000002,5.814,1.0,6.2476
Sr,Ge,O,171.07773990667496,173.5869933961333,0.4044999999999997,5.5154,1.0,5.1109,1.5099999999999998,2.2067,0.6966999999999999,SrGeO,-1.1055,3.3087,1.0,4.4142
Sr,Hf,O,156.970740035905,157.8544831999771,0.6997999999999998,6.9505,1.0,6.2507,1.6618999999999993,5.8766,4.2147000000000014,SrHfO,-0.9621,1.0739,1.0,2.036
Sr,Si,O,179.9978614624943,179.98589306103622,0.6753,9.3052,1.0,8.6299,1.8258,4.714499999999999,2.8886999999999987,SrSiO,-1.1505,4.5907,1.0,5.7412
Sr,Sn,O,155.75736891431848,155.99541571578845,0.4958999999999998,6.5344,1.0,6.0385,1.5586000000000002,3.6071,2.0485,SrSnO,-1.0627000000000004,2.9273,12.0,3.99
Sr,Ti,O,169.14426665183345,172.20347668249218,0.5892999999999997,5.7432,1.0,5.1539,1.4889,3.3807,1.8918,SrTiO,-0.8996000000000004,2.3625,4.0,3.2621
Sr,Zr,O,154.72792760509662,155.47112142738246,0.7046999999999999,7.8523,1.0,7.1476,1.6483000000000003,5.4128,3.7645,SrZrO,-0.9436000000000004,2.4395,1.0,3.3831
Y,Al,O,151.618100840862,151.31988617039738,0.7797000000000001,11.082,1.0,10.3023,1.8289,7.515300000000001,5.686400000000001,YAlO,-1.0492,3.5667,1.0,4.6159
Y,Ga,O,144.07109177644438,145.24799679046302,0.8055000000000003,8.3976,1.0,7.5921,1.8135000000000003,5.8092000000000015,3.9957,YGaO,-1.008,2.5884,1.0,3.5964
Y,In,O,132.1691469579554,136.93534306729376,0.6788000000000007,7.6115,1.0,6.9327,1.5539000000000005,4.3203000000000005,2.7664,YInO,-0.8750999999999998,3.2912,1.0,4.1663
Y,Tl,O,128.54066618716934,131.34736895952702,0.3291999999999993,5.0352,1.0,4.706,1.0588999999999986,1.9141999999999992,0.8553000000000006,YTlO,-0.7296999999999993,3.1210000000000004,1.0,3.8507
Zn,Ge,O,140.71872208933198,140.64244675645108,0.6762999999999995,6.8267,1.0,6.1504,1.9093,3.8459,1.9366000000000003,ZnGeO,-1.2329999999999999,2.9808,1.0,4.2138
Zn,Hf,O,135.49230125528393,132.96179471052096,0.8031000000000006,6.1889,1.0,5.3858,1.798300000000001,4.7589999999999995,2.9607,ZnHfO,-0.9952,1.4299,1.0,2.4251
Zn,Sn,O,133.29176208231522,132.82737562070585,0.6162999999999998,6.4064,1.0,5.7901,1.7232999999999996,2.9763999999999995,1.2531,ZnSnO,-1.1069999999999998,3.43,10.0,4.537
Zn,Ti,O,140.30196101329128,137.7117969835078,0.6050000000000004,5.9149,1.0,5.3099,1.5238,3.6949,2.1711,ZnTiO,-0.9187999999999996,2.22,1.0,3.1388
Zn,Zr,O,134.1442300320453,131.65861719089574,0.8096000000000005,8.022,1.0,7.2124,1.7719000000000005,4.8661,3.0942,ZnZrO,-0.9623,3.1559,1.0,4.1182
Ag,As,O,150.62598731403082,,-0.8687000000000005,5.5158,2.0,6.3845,-0.05760000000000076,-0.2082000000000006,-0.15059999999999985,AgAsO,-0.8110999999999997,5.724,33.0,6.5351
Ag,Nb,O,152.67033938830113,,0.3270999999999997,5.1545,33.0,4.8274,1.2511,1.9091,0.6579999999999995,AgNbO,-0.9240000000000004,3.2454,33.0,4.1694
Ag,P,O,160.58170063934884,,-0.5406999999999993,8.0229,2.0,8.5636,0.4741000000000009,0.2787999999999995,-0.19530000000000136,AgPO,-1.0148,7.7441,33.0,8.7589
Ag,Sb,O,148.8428225382754,,-0.5920999999999994,6.2309,2.0,6.823,0.4606000000000003,0.35100000000000003,-0.10960000000000036,AgSbO,-1.0526999999999995,5.8799,1.0,6.9326
Ag,Ta,O,155.5245134833211,,0.4539,6.2229,33.0,5.769,1.4630999999999994,2.8836,1.4205000000000003,AgTaO,-1.0091999999999994,3.3393,33.0,4.3485
Ag,V,O,153.63264494403856,,-0.1933999999999996,4.9038,17.0,5.0972,0.2140000000000004,0.1231,-0.09090000000000042,AgVO,-0.4074,4.7807,3.0,5.1881
Au,As,O,138.040735752413,,-0.17490000000000006,5.5779,3.0,5.7528,-0.04239999999999977,-1.003,-0.9606000000000005,AuAsO,-0.13250000000000028,6.5809,1.0,6.7134
Au,Nb,O,149.5500499021079,,0.13289999999999935,5.2947,33.0,5.1618,0.6766999999999994,0.7763999999999998,0.09970000000000034,AuNbO,-0.5438000000000001,4.5183,33.0,5.0621
Au,P,O,157.49477988137141,,-0.28889999999999993,6.2919,4.0,6.5808,-0.2407000000000004,-2.6503,-2.4095999999999997,AuPO,-0.048199999999999577,8.9422,34.0,8.9904
Au,Sb,O,145.196456785899,,-0.6783999999999999,6.6959,2.0,7.3743,-0.04159999999999986,-0.2591999999999999,-0.2176,AuSbO,-0.6368,6.9551,1.0,7.5919
Au,Ta,O,153.6559188587115,,0.54,6.1614,1.0,5.6214,1.3497000000000003,1.6979000000000006,0.3482000000000003,AuTaO,-0.8097000000000003,4.4635,33.0,5.2732
Ba,Ge,O,179.9766860284095,,-0.24090000000000036,3.6182,1.0,3.8591,0.8762999999999996,0.7790999999999997,-0.09719999999999997,BaGeO,-1.1172,2.8391,4.0,3.9563
Ba,Hf,O,179.96419438759514,,0.6800999999999995,6.56,1.0,5.8799,1.6178,5.1201,3.5023,BaHfO,-0.9377000000000002,1.4399,4.0,2.3776
Ba,Si,O,179.99507630684846,,0.5911999999999997,7.064,1.0,6.4728,1.7426,3.4273,1.6847000000000003,BaSiO,-1.1514000000000002,3.6367,4.0,4.7881
Ba,Sn,O,179.94413045315113,,0.6942000000000004,5.6352,1.0,4.941,1.7613000000000008,2.4693,0.7079999999999993,BaSnO,-1.0671000000000004,3.1659,4.0,4.2330000000000005
Ba,Ti,O,179.999621242877,,0.5289999999999999,5.3516,1.0,4.8226,1.4396,3.1392,1.6996000000000002,BaTiO,-0.9106,2.2124,4.0,3.123
Ba,Zr,O,179.96243127981663,,0.6918999999999995,7.4464,1.0,6.7545,1.5904999999999991,4.7022,3.1117000000000004,BaZrO,-0.8985999999999996,2.7442,4.0,3.6428
Be,Ge,O,139.8297178546519,,0.5906000000000002,7.763,1.0,7.1724,1.6596000000000002,4.1692,2.5096,BeGeO,-1.069,3.5938,3.0,4.6628
Be,Hf,O,137.2736124136089,,0.4057,3.6928,1.0,3.2871,1.3462,2.1821,0.8359000000000001,BeHfO,-0.9405,1.5107,4.0,2.4512
Be,Sn,O,136.83786818550544,,0.4302999999999999,6.0291,1.0,5.5988,1.461,2.2545999999999995,0.7935999999999996,BeSnO,-1.0307,3.7745,36.0,4.8052
Be,Ti,O,138.008358011024,,0.5697999999999999,5.9367,1.0,5.3669,1.3958,3.1762,1.7804000000000002,BeTiO,-0.8260000000000001,2.7605,3.0,3.5865
Be,Zr,O,136.56986375444114,,0.4142000000000001,5.2358,1.0,4.8216,1.3194999999999997,2.1009,0.7814000000000005,BeZrO,-0.9052999999999995,3.1349,4.0,4.0402
Bi,Al,O,160.60520344993515,,0.3507000000000016,9.0698,33.0,8.7191,1.1540000000000017,2.584600000000001,1.4305999999999992,BiAlO,-0.8033000000000001,6.4852,3.0,7.2885
Bi,Ga,O,152.94970212410132,,0.34860000000000024,7.7062,33.0,7.3576,1.0851000000000006,2.2564,1.1712999999999996,BiGaO,-0.7365000000000004,5.4498,36.0,6.1863
Bi,In,O,142.40894210378906,,0.2748999999999997,7.049,33.0,6.7741,0.9663999999999991,1.700099999999999,0.7336999999999998,BiInO,-0.6914999999999996,5.3489,36.0,6.0404
Bi,Tl,O,135.8270730989985,,0.20720000000000027,6.3677,33.0,6.1605,0.9047000000000011,1.2170000000000003,0.3122999999999996,BiTlO,-0.6975000000000007,5.1507,8.0,5.8482
Ca,Ge,O,156.12895189378514,,0.5975999999999999,7.0645,1.0,6.4669,1.6969,3.3422,1.6452999999999998,CaGeO,-1.0993,3.7223,4.0,4.8216
Ca,Hf,O,147.13429610985563,,0.7603,6.9239,1.0,6.1636,1.7167000000000003,5.2926,3.5759,CaHfO,-0.9564,1.6313,1.0,2.5877
Ca,Si,O,172.33205995723992,,0.7862000000000009,11.2064,1.0,10.4202,1.8940000000000008,5.843800000000001,3.9498,CaSiO,-1.1078,5.3626,4.0,6.4704
Ca,Sn,O,146.74369278706092,,0.6356000000000002,7.3784,1.0,6.7428,1.6917000000000004,3.7699,2.0782,CaSnO,-1.0561000000000005,3.6085,4.0,4.6646
Ca,Ti,O,153.31092629007128,,0.6436999999999999,6.0915,1.0,5.4478,1.5244,3.3948,1.8704,CaTiO,-0.8807,2.6967,4.0,3.5774
Ca,Zr,O,145.7672587836345,,0.7615999999999996,7.9917,1.0,7.2301,1.6918999999999995,4.8803,3.188400000000001,CaZrO,-0.9302999999999996,3.1114,1.0,4.0417
Cd,Ge,O,150.1943066628809,,0.6543999999999999,5.9439,1.0,5.2895,1.7254999999999998,2.7803,1.0548000000000002,CdGeO,-1.0711,3.1636,36.0,4.2347
Cd,Hf,O,144.14141401190545,,0.5774999999999997,3.7635,1.0,3.1860000000000004,1.467899999999999,2.5816,1.1137000000000006,CdHfO,-0.8903999999999999,1.1819,3.0,2.0723
Cd,Si,O,157.0845025303731,,0.690999999999999,8.5399,1.0,7.8489,1.802599999999999,3.9682,2.1656000000000004,CdSiO,-1.1116,4.5717,36.0,5.6833
Cd,Sn,O,143.46620039296215,,0.6112000000000002,5.3112,1.0,4.7,1.6007000000000002,2.186300000000001,0.5856000000000003,CdSnO,-0.9895,3.1249,3.0,4.1144
Cd,Ti,O,148.52035400527888,,0.7218999999999998,5.459,1.0,4.7371,1.5541999999999998,3.3090999999999995,1.7548999999999997,CdTiO,-0.8323,2.1499,3.0,2.9822
Cd,Zr,O,143.05553793299802,,0.5823999999999998,5.2024,1.0,4.62,1.4421999999999997,2.531,1.0888,CdZrO,-0.8597999999999999,2.6714,3.0,3.5312
Cs,As,O,179.98166931455006,,0.40180000000000016,2.3416,1.0,1.9398,1.6496000000000002,1.3272000000000002,-0.3224,CsAsO,-1.2478,1.0144,4.0,2.2622
Cs,Nb,O,179.99968947629242,,0.2723,3.7626,1.0,3.4903,1.1333000000000002,2.3589,1.2256,CsNbO,-0.861,1.4037,1.0,2.2647
Cs,P,O,179.97164056026898,,0.5282999999999998,3.8354,1.0,3.3071,1.7898999999999998,1.7551,-0.03479999999999972,CsPO,-1.2616,2.0803,4.0,3.3419
Cs,Sb,O,179.9959273556236,,-1.0109000000000004,3.1102,1.0,4.1211,0.0378999999999996,-0.001000000000000334,-0.038899999999999935,CsSbO,-1.0488,3.1112,4.0,4.16
Cs,Ta,O,179.9927215145139,,0.3834999999999997,4.7359,1.0,4.3524,1.2826999999999995,3.0636,1.7809000000000004,CsTaO,-0.8992,1.6723,1.0,2.5715
Cs,V,O,179.99764885928897,,-0.041300000000000114,2.9435,1.0,2.9848,0.7462999999999997,0.7466999999999997,0.000399999999999956,CsVO,-0.7875999999999999,2.1968,1.0,2.9844
Cu,Nb,O,142.64868639474776,,0.14279999999999934,4.6129,33.0,4.4701,0.9658999999999992,1.0494999999999997,0.08360000000000056,CuNbO,-0.8230999999999997,3.5634,33.0,4.3865
Cu,P,O,151.3007883598411,,-0.4177,8.718,2.0,9.1357,0.5587999999999997,0.40690000000000026,-0.15189999999999948,CuPO,-0.9764999999999996,8.3111,33.0,9.2876
Cu,Ta,O,144.5845121542581,,0.40690000000000026,5.6837,33.0,5.2768,1.5534000000000003,1.922,0.3685999999999998,CuTaO,-1.1465,3.7617,33.0,4.9082
K,As,O,179.99687421854537,,-0.9731999999999998,1.9733,5.0,2.9465,0.17580000000000018,-0.1400999999999999,-0.3159000000000001,KAsO,-1.149,2.1134,4.0,3.2624
K,Nb,O,179.9995689542143,,0.3449,3.1488,1.0,2.8039,1.2855,2.7035,1.418,KNbO,-0.9406,0.4453,4.0,1.3859
K,P,O,179.98631446521856,,0.4743999999999997,3.9654,1.0,3.491,1.7597999999999998,1.5768999999999995,-0.18290000000000006,KPO,-1.2854,2.3885,4.0,3.6739
K,Sb,O,172.3304916662418,,-0.5997999999999997,3.2671,1.0,3.8669,0.6021000000000005,0.6066000000000003,0.0044999999999997264,KSbO,-1.2019000000000002,2.6605,4.0,3.8624
K,Ta,O,179.96066721352298,,0.4527000000000001,4.1932,1.0,3.7405,1.4383000000000004,3.5205,2.0822,KTaO,-0.9856,0.6727,4.0,1.6583
K,V,O,179.99614284134253,,0.03189999999999982,2.2872,1.0,2.2553,0.9759999999999998,0.9965,0.020500000000000185,KVO,-0.9441,1.2907,4.0,2.2348
La,Al,O,179.9852410104162,,0.5686,12.0904,1.0,11.5218,1.4827000000000004,4.912300000000001,3.4296000000000006,LaAlO,-0.9141000000000004,7.1781,4.0,8.0922
La,Ga,O,157.63733694137397,,0.5577000000000005,10.7807,1.0,10.223,1.4704000000000006,4.7798,3.3093999999999992,LaGaO,-0.9127,6.0009,4.0,6.9136
La,In,O,143.57471678548103,,0.6929999999999996,10.272,1.0,9.579,1.4932999999999996,4.0516000000000005,2.558300000000001,LaInO,-0.8003,6.2204,4.0,7.0207
La,Tl,O,139.03896860784366,,0.5289999999999999,7.4616,1.0,6.9326,1.1313000000000004,1.1654,0.034099999999999575,LaTlO,-0.6023000000000005,6.2962,4.0,6.8985
Li,As,O,147.05805743588706,,0.0931999999999995,4.8716,1.0,4.7784,1.3491999999999993,1.7243,0.3751000000000007,LiAsO,-1.2559999999999998,3.1473,4.0,4.4033
Li,Nb,O,145.96545859593638,,0.3985000000000003,3.6562,1.0,3.2577,1.3229000000000002,2.9592,1.6363,LiNbO,-0.9244,0.6970000000000001,4.0,1.6214
Li,P,O,151.64970202094392,,0.4696000000000016,9.5538,1.0,9.0842,1.7413000000000016,3.797900000000001,2.0565999999999995,LiPO,-1.2717,5.7559,4.0,7.0276
Li,Sb,O,144.7167734835225,,0.26950000000000074,5.7975,1.0,5.528,1.4669000000000008,2.5200000000000005,1.0530999999999997,LiSbO,-1.1974,3.2775,4.0,4.4749
Li,Ta,O,147.33776712929262,,0.4929000000000006,4.7224,1.0,4.2295,1.4635000000000007,3.8166,2.3530999999999995,LiTaO,-0.9706,0.9058,4.0,1.8764
Li,V,O,146.9727712464763,,0.15939999999999974,3.0269,1.0,2.8675,1.0874999999999997,1.1794,0.09190000000000033,LiVO,-0.9281,1.8475,4.0,2.7756
Mg,Ge,O,145.51547830415868,,0.6563000000000008,7.8009,1.0,7.1446,1.7959000000000005,4.2208000000000006,2.4249,MgGeO,-1.1395999999999995,3.5801,4.0,4.7197
Mg,Hf,O,140.79698402067748,,0.5688000000000004,5.2004,1.0,4.6316,1.5511000000000004,3.6263,2.0752,MgHfO,-0.9823,1.5741,3.0,2.5564
Mg,Si,O,150.37532906767225,,0.7074999999999996,11.4556,1.0,10.7481,1.8781,6.2772000000000014,4.399100000000002,MgSiO,-1.1706000000000003,5.1784,4.0,6.349
Mg,Sn,O,140.45366501361468,,0.5490000000000004,6.8097,1.0,6.2607,1.6034000000000006,3.1660000000000004,1.5625999999999998,MgSnO,-1.0544000000000002,3.6437,36.0,4.6981
Mg,Ti,O,143.2407315685804,,0.6394000000000002,6.1034,1.0,5.464,1.531,3.4756,1.9445999999999997,MgTiO,-0.8916,2.6278,1.0,3.5194
Mg,Zr,O,139.98316677422852,,0.5713000000000008,6.6593,1.0,6.087999999999999,1.5225000000000004,3.5215,1.999,MgZrO,-0.9511999999999996,3.1378,4.0,4.089
Na,As,O,153.72684291789685,,0.0,4.1739,1.0,4.1739,0.0,0.01809999999999956,0.01809999999999956,NaAsO,0.0,4.1558,4.0,4.1558
Na,Nb,O,154.77674682273684,,0.0,3.1327,1.0,3.1327,0.0,1.5541999999999998,1.5541999999999998,NaNbO,0.0,1.5785,4.0,1.5785
Na,P,O,160.41678846648574,,0.0,7.6011,1.0,7.6011,0.0,1.0137999999999998,1.0137999999999998,NaPO,0.0,6.5873,4.0,6.5873
Na,Sb,O,150.4055779176308,,0.0,5.0514,1.0,5.0514,0.0,0.7117000000000004,0.7117000000000004,NaSbO,0.0,4.3397,4.0,4.3397
Na,Ta,O,156.8977414138872,,0.4659000000000004,4.5609,1.0,4.095,1.4596000000000005,3.719,2.2594,NaTaO,-0.9937,0.8419,4.0,1.8356
Na,V,O,161.5674812875413,,0.07129999999999992,2.6847,1.0,2.6134,1.0155999999999998,1.0239999999999998,0.008399999999999963,NaVO,-0.9443,1.6607,4.0,2.605
Pb,Ge,O,179.99484894372432,,0.5453999999999999,7.1208,1.0,6.5754,1.1696,0.8615000000000004,-0.3080999999999996,PbGeO,-0.6242000000000001,6.2593,4.0,6.8835
Pb,Hf,O,158.07841393908987,,0.5225,7.2854,33.0,6.7629,1.1051000000000002,3.2224000000000004,2.1173,PbHfO,-0.5826000000000002,4.063,4.0,4.6456
Pb,Si,O,179.99828431047092,,0.6196000000000002,10.9622,1.0,10.3426,1.2209999999999999,2.7799,1.5588999999999995,PbSiO,-0.6013999999999999,8.1823,4.0,8.7837
Pb,Sn,O,156.6800981599691,,0.5798000000000005,8.6996,1.0,8.1198,1.3166000000000002,2.9317,1.6151,PbSnO,-0.7367999999999997,5.7679,36.0,6.5047
Pb,Ti,O,174.35917280642468,,0.6055999999999999,7.9147,1.0,7.3091,1.1113,2.6064,1.4951,PbTiO,-0.5057,5.3083,33.0,5.814
Pb,Zr,O,155.29550475481858,,0.5274999999999999,8.5266,33.0,7.9991,1.0804999999999998,3.1077000000000004,2.027200000000001,PbZrO,-0.5529999999999999,5.4189,4.0,5.9719
Rb,As,O,179.99941109481273,,0.2113999999999998,1.65,1.0,1.4386,1.4257,0.5831,-0.8426,RbAsO,-1.2143000000000002,1.0669,4.0,2.2812
Rb,Nb,O,179.98121947627902,,0.3150000000000004,3.217,1.0,2.902,1.2598000000000005,2.6236,1.3637999999999997,RbNbO,-0.9448,0.5934,4.0,1.5382
Rb,P,O,179.99929046478627,,0.5087999999999999,3.5503,1.0,3.0415,1.7929999999999997,1.6599,-0.13309999999999975,RbPO,-1.2841999999999998,1.8904,4.0,3.1746
Rb,Sb,O,179.96002406321472,,-1.1778,2.5571,1.0,3.7349,0.0020999999999999908,-0.046999999999999716,-0.0490999999999997,RbSbO,-1.1799,2.6041,4.0,3.784
Rb,Ta,O,179.99481808810881,,0.42500000000000027,4.2354,1.0,3.8104,1.4141000000000004,3.4116000000000004,1.9975,RbTaO,-0.9891,0.8238,4.0,1.8129
Rb,V,O,179.99743265679143,,0.006299999999999972,2.3245,1.0,2.3182,0.9659999999999996,1.0524,0.08640000000000025,RbVO,-0.9596999999999998,1.2721,4.0,2.2318
Sc,Al,O,146.52588103133485,,0.7587999999999999,8.699,1.0,7.9402,1.6393999999999993,3.8135,2.1741,ScAlO,-0.8805999999999994,4.8855,4.0,5.7661
Sc,Ga,O,142.25073472167946,,0.0,6.8369,1.0,6.8369,0.0,2.1324,2.1324,ScGaO,0.0,4.7045,17.0,4.7045
Sc,In,O,135.82765360595158,,0.0,6.4772,1.0,6.4772,0.0,1.1841,1.1841,ScInO,0.0,5.2931,3.0,5.2931
Sc,Tl,O,118.17183365950649,,0.0,5.1013,1.0,5.1013,0.0,-0.30659999999999954,-0.30659999999999954,ScTlO,0.0,5.4079,12.0,5.4079
Sn,Ge,O,170.8356087245409,,0.0,7.3474,1.0,7.3474,0.0,-0.5152999999999999,-0.5152999999999999,SnGeO,0.0,7.8627,33.0,7.8627
Sn,Hf,O,153.01657445537433,,0.0,6.7016,21.0,6.7016,0.0,1.2671,1.2671,SnHfO,0.0,5.4345,4.0,5.4345
Sn,Si,O,179.99112492585755,,0.6727000000000007,11.6491,1.0,10.9764,1.1072000000000006,2.208400000000001,1.1012000000000004,SnSiO,-0.4344999999999999,9.4407,4.0,9.8752
Sn,Ti,O,161.56031954517704,,0.5991,7.973,1.0,7.3739,0.91,1.5194,0.6093999999999999,SnTiO,-0.3109000000000002,6.4536,33.0,6.7645
Sn,Zr,O,150.77217566025482,,0.4921999999999995,8.4691,33.0,7.9769,0.8956,2.1034999999999995,1.2078999999999995,SnZrO,-0.4034000000000004,6.3656,4.0,6.769
Sr,Ge,O,65.0665586740474,,0.5370999999999997,5.3434,1.0,4.8063,1.6785999999999994,1.9871,0.30850000000000044,SrGeO,-1.1414999999999995,3.3563,4.0,4.4978
Sr,Hf,O,156.37737657757518,,0.7023999999999999,6.6561,1.0,5.9537,1.6446,5.2791000000000015,3.634500000000001,SrHfO,-0.9422,1.3769999999999998,4.0,2.3192
Sr,Si,O,179.9911984751335,,0.6749000000000009,9.3045,1.0,8.6296,1.8246,4.7143000000000015,2.8897000000000004,SrSiO,-1.1496999999999993,4.5902,4.0,5.7399
Sr,Sn,O,155.30151218570091,,0.5856000000000003,6.5674,1.0,5.9818,1.6662000000000003,3.3371,1.6708999999999996,SrSnO,-1.0806,3.2303,4.0,4.3109
Sr,Ti,O,176.76229888077134,,0.5965999999999996,5.7425,1.0,5.1459,1.4951,3.2834,1.7883,SrTiO,-0.8985000000000003,2.4591,4.0,3.3576
Sr,Zr,O,153.9154314953561,,0.7107999999999999,7.6079,1.0,6.8971,1.6175000000000002,4.8497,3.2322,SrZrO,-0.9066999999999998,2.7582,4.0,3.6649
Y,Al,O,154.79925082935122,,0.6834000000000007,9.15,1.0,8.4666,1.6723,4.8091,3.1368,YAlO,-0.9888999999999992,4.3409,4.0,5.3298
Y,Ga,O,148.28614197886827,,0.6738999999999997,8.151,1.0,7.4771,1.6572000000000005,4.8939,3.2367,YGaO,-0.9833000000000004,3.2571,1.0,4.2404
Y,In,O,139.42873844828912,,0.6591000000000005,7.7564,1.0,7.0973,1.5023000000000009,3.5810000000000004,2.0786999999999995,YInO,-0.8432000000000004,4.1754,4.0,5.0186
Y,Tl,O,134.52927952438787,,0.4531999999999998,5.348,1.0,4.8948,1.0941,1.0362999999999998,-0.0578000000000003,YTlO,-0.6409000000000002,4.3117,4.0,4.9526
Zn,Hf,O,139.89501419353348,,0.5724,3.2401,1.0,2.6677,1.4566000000000003,2.0319000000000003,0.5752999999999999,ZnHfO,-0.8842000000000001,1.2082,3.0,2.0924
Zn,Sn,O,139.53688467443078,,0.6098999999999997,5.2691,1.0,4.6592,1.5901,1.9526,0.3624999999999998,ZnSnO,-0.9802000000000004,3.3165,36.0,4.2967
Zn,Ti,O,142.09608803902668,,0.7492999999999999,5.2137,1.0,4.4644,1.564,2.9217000000000004,1.3577000000000004,ZnTiO,-0.8147000000000002,2.292,3.0,3.1067
Zn,Zr,O,139.10282218432138,,0.5762999999999998,4.7351,1.0,4.1588,1.4270999999999998,1.9692000000000005,0.5421000000000005,ZnZrO,-0.8508,2.7659,3.0,3.6167
Ag,Nb,O,,,0.3762999999999996,4.9059,4.0,4.5296,1.2938999999999994,2.5973,1.3034000000000003,AgNbO,-0.9175999999999996,2.3086,10.0,3.2262
Ag,Sb,O,,,0.4227999999999996,5.1723,1.0,4.7495,1.596799999999999,0.3263999999999996,-1.2703999999999995,AgSbO,-1.1739999999999997,4.8459,10.0,6.0199
Ag,Ta,O,,,0.8632,6.0246,1.0,5.1614,1.8259000000000003,3.4342000000000006,1.6083000000000005,AgTaO,-0.9627000000000004,2.5904,10.0,3.5531
Ag,V,O,,,-0.1665000000000001,4.4514,4.0,4.6179,0.7278999999999995,0.6299999999999994,-0.0979000000000001,AgVO,-0.8943999999999996,3.8214,10.0,4.7158
Au,Nb,O,,,0.8305000000000002,4.322,1.0,3.4915,1.7152000000000005,1.4622000000000002,-0.2530000000000001,AuNbO,-0.8847,2.8598,4.0,3.7445
Au,Ta,O,,,0.7977999999999996,4.6186,1.0,3.8208,1.7289999999999992,1.4402999999999997,-0.2886999999999995,AuTaO,-0.9311999999999996,3.1783,4.0,4.1095
Ba,Ge,O,,,-0.025399999999999867,3.62,1.0,3.6454,1.0887000000000002,0.7816000000000001,-0.3071000000000001,BaGeO,-1.1141,2.8384,20.0,3.9525
Ba,Hf,O,,,0.6799,6.5599,1.0,5.88,1.6179,5.1204,3.5025,BaHfO,-0.938,1.4395,20.0,2.3775
Ba,Si,O,,,0.5067999999999993,6.8557,1.0,6.3489,1.6717999999999993,3.0745,1.4027000000000005,BaSiO,-1.165,3.7812,20.0,4.9462
Ba,Sn,O,,,0.6902999999999997,5.6293,1.0,4.939,1.7635999999999998,2.471,0.7073999999999998,BaSnO,-1.0733,3.1583,20.0,4.2316
Ba,Ti,O,,,0.5279999999999996,5.351,1.0,4.823,1.4394,3.1394,1.7000000000000002,BaTiO,-0.9114000000000004,2.2116,20.0,3.123
Ba,Zr,O,,,0.6904999999999992,7.4449,1.0,6.7544,1.5913999999999993,4.7032,3.111800000000001,BaZrO,-0.9009,2.7417,20.0,3.6426
Be,Ge,O,,,0.3487,4.8786,1.0,4.5299,1.334,1.2254999999999998,-0.10850000000000026,BeGeO,-0.9853,3.6531,20.0,4.6384
Be,Hf,O,,,-0.2106,0.9869,1.0,1.1975,0.545,0.16010000000000002,-0.3849,BeHfO,-0.7556,0.8268,20.0,1.5824
Be,Si,O,,,0.38649999999999984,7.1179,1.0,6.7314,1.4209999999999994,1.6773999999999996,0.2564000000000002,BeSiO,-1.0344999999999995,5.4405,20.0,6.475
Be,Sn,O,,,0.13880000000000026,3.5192,1.0,3.3804,1.0448000000000004,0.5154000000000001,-0.5294000000000003,BeSnO,-0.906,3.0038,20.0,3.9098
Be,Ti,O,,,0.3258000000000001,3.0703,1.0,2.7445,1.0684,0.835,-0.23340000000000005,BeTiO,-0.7425999999999999,2.2353,20.0,2.9779
Be,Zr,O,,,-0.31030000000000024,2.2957,1.0,2.6060000000000003,0.4125999999999999,0.06620000000000026,-0.3463999999999996,BeZrO,-0.7229000000000001,2.2295,20.0,2.9524
Bi,Al,O,,,0.3531000000000013,9.2321,4.0,8.879,1.2573000000000016,2.773900000000001,1.5165999999999995,BiAlO,-0.9042000000000004,6.4582,10.0,7.3624
Bi,Ga,O,,,0.3327000000000009,7.802,4.0,7.4693,1.1972000000000005,2.4606000000000003,1.2634,BiGaO,-0.8644999999999996,5.3414,10.0,6.2059
Bi,In,O,,,0.1882999999999999,6.3928,4.0,6.2045,1.0036999999999994,0.9341,-0.06959999999999944,BiInO,-0.8153999999999995,5.4587,20.0,6.2741
Ca,Ge,O,,,0.8036000000000003,6.6954,1.0,5.8918,1.8842000000000003,2.7443000000000004,0.8601000000000001,CaGeO,-1.0806,3.9511,20.0,5.0317
Ca,Hf,O,,,0.7896000000000001,6.9419,1.0,6.1523,1.6746,5.3086,3.634,CaHfO,-0.885,1.6333,20.0,2.5183
Ca,Si,O,,,0.7942,11.1885,1.0,10.3943,1.9033999999999995,5.788399999999998,3.885,CaSiO,-1.1091999999999995,5.4001,20.0,6.5093
Ca,Sn,O,,,0.7995000000000001,7.1475,1.0,6.348,1.8202,3.5012,1.681,CaSnO,-1.0206999999999995,3.6463,20.0,4.667
Ca,Ti,O,,,0.6611000000000002,6.1751,1.0,5.5139999999999985,1.5228000000000002,3.3561999999999994,1.8333999999999997,CaTiO,-0.8616999999999999,2.8189,20.0,3.6806
Ca,Zr,O,,,0.7916999999999996,7.9268,1.0,7.1351,1.6460999999999997,4.9283,3.2822000000000005,CaZrO,-0.8544,2.9985,20.0,3.8529
Cd,Ge,O,,,0.8151000000000002,5.2967,1.0,4.4816,1.8674000000000004,1.9014,0.033999999999999815,CdGeO,-1.0523000000000002,3.3953,10.0,4.4476
Cd,Hf,O,,,0.3719999999999999,1.7872,1.0,1.4152,1.1594,0.7462,-0.4132,CdHfO,-0.7874000000000001,1.041,10.0,1.8284
Cd,Si,O,,,0.7965,7.2132,1.0,6.4167,1.9026,2.4343999999999992,0.5317999999999996,CdSiO,-1.1060999999999996,4.7788,10.0,5.8849
Cd,Sn,O,,,0.5694999999999997,4.1403,1.0,3.5708,1.5055,1.0578,-0.4477000000000002,CdSnO,-0.9360000000000004,3.0825,10.0,4.0185
Cd,Ti,O,,,0.7675000000000001,3.759,1.0,2.9915,1.5557000000000003,1.5107,-0.045000000000000366,CdTiO,-0.7882000000000002,2.2483,10.0,3.0365
Cd,Zr,O,,,0.2637999999999998,3.0452,1.0,2.7814,1.0138999999999996,0.6360999999999999,-0.3777999999999997,CdZrO,-0.7500999999999998,2.4091,10.0,3.1592
Cs,Nb,O,,,0.2723,3.7622,1.0,3.4899,1.136,2.3619,1.2258999999999998,CsNbO,-0.8637000000000001,1.4003,1.0,2.264
Cs,Ta,O,,,0.3855000000000004,4.7373,1.0,4.3518,1.2878000000000005,3.0689,1.7811,CsTaO,-0.9023,1.6684,1.0,2.5707
Cu,Nb,O,,,0.6340999999999997,4.0215,1.0,3.3874,1.9597999999999995,2.2604999999999995,0.3007,CuNbO,-1.3257,1.761,4.0,3.0867
Cu,Ta,O,,,0.9748,4.6806,1.0,3.7058,2.3938,2.6169,0.22310000000000008,CuTaO,-1.419,2.0637,4.0,3.4827
Cu,V,O,,,-0.3445999999999998,3.5478,3.0,3.8924,0.5051000000000005,0.3519000000000001,-0.15320000000000045,CuVO,-0.8497000000000003,3.1959,4.0,4.0456
K,Nb,O,,,0.3435999999999999,3.1468,1.0,2.8032,1.2855,2.704,1.4185,KNbO,-0.9419,0.4428,20.0,1.3847
K,Sb,O,,,0.03819999999999979,2.8692,1.0,2.8310000000000004,1.2355999999999998,0.1889000000000003,-1.0466999999999995,KSbO,-1.1974,2.6803,20.0,3.8777
K,Ta,O,,,0.4530999999999996,4.1933,1.0,3.7402,1.4404999999999992,3.523,2.0825000000000005,KTaO,-0.9874,0.6703,20.0,1.6577
K,V,O,,,0.028699999999999726,2.2775,1.0,2.2488,0.9709999999999996,0.9762,0.0052000000000003155,KVO,-0.9423,1.3013,20.0,2.2436
La,Al,O,,,0.5687999999999995,12.0899,1.0,11.5211,1.4782000000000002,4.9081,3.4299,LaAlO,-0.9094000000000008,7.1818,20.0,8.0912
La,Ga,O,,,0.5553000000000008,10.9227,1.0,10.3674,1.4493,4.7765,3.3272000000000004,LaGaO,-0.8939999999999992,6.1462,20.0,7.0402
La,In,O,,,0.4864000000000015,9.9196,1.0,9.4332,1.2943000000000024,3.2355000000000014,1.9411999999999985,LaInO,-0.8079000000000011,6.6841,20.0,7.492000000000001
La,Tl,O,,,0.7624000000000004,7.8104,1.0,7.047999999999999,1.3565000000000005,0.9048999999999996,-0.4516000000000009,LaTlO,-0.5941000000000001,6.9055,20.0,7.4996
Li,Nb,O,,,0.38729999999999976,3.2506,1.0,2.8633,1.3115999999999997,2.8697,1.5581000000000005,LiNbO,-0.9243,0.3809,20.0,1.3052
Li,P,O,,,0.5418000000000003,7.5553,1.0,7.0135,1.8074000000000003,1.8903,0.08289999999999953,LiPO,-1.2656,5.665,20.0,6.9306
Li,Sb,O,,,0.4635000000000002,4.0159,1.0,3.5524,1.6426000000000005,1.1436000000000002,-0.4990000000000001,LiSbO,-1.1791,2.8723,20.0,4.0514
Li,Ta,O,,,0.4897999999999998,4.3503,1.0,3.8605,1.4593999999999996,3.7452,2.2858,LiTaO,-0.9696,0.6051,20.0,1.5747
Li,V,O,,,0.060799999999999965,2.5231,1.0,2.4623,0.9685,0.9624,-0.0060999999999999934,LiVO,-0.9077,1.5607,20.0,2.4684
Mg,Ge,O,,,0.8258999999999999,6.9136,1.0,6.0877,1.9374,3.1897,1.2523,MgGeO,-1.1115,3.7239,20.0,4.8354
Mg,Hf,O,,,0.4501,3.3548,1.0,2.9047,1.3299999999999996,2.1861,0.8561000000000001,MgHfO,-0.8798999999999999,1.1687,20.0,2.0486
Mg,Si,O,,,0.6609999999999996,9.6738,1.0,9.0128,1.8119,4.3247,2.5128000000000004,MgSiO,-1.1509,5.3491,20.0,6.5
Mg,Sn,O,,,0.4481999999999999,5.7009,1.0,5.2527,1.4708,2.434,0.9631999999999996,MgSnO,-1.0226000000000002,3.2669,20.0,4.2895
Mg,Ti,O,,,0.6069000000000004,5.5964,1.0,4.9895,1.4764000000000004,3.1452,1.6687999999999996,MgTiO,-0.8694999999999999,2.4512,20.0,3.3207
Mg,Zr,O,,,0.4484999999999992,4.6164,1.0,4.1679,1.2958999999999992,2.0548999999999995,0.7590000000000003,MgZrO,-0.8473999999999999,2.5615,20.0,3.4089
Na,Nb,O,,,0.3621000000000003,3.3208,1.0,2.9587,1.3075,2.8279,1.5204,NaNbO,-0.9454,0.4929,20.0,1.4383
Na,P,O,,,0.4273999999999996,6.6041,1.0,6.1767,1.7208999999999994,1.2096,-0.5112999999999994,NaPO,-1.2935,5.3945,20.0,6.688
Na,Sb,O,,,0.4105000000000003,3.7673,1.0,3.3568,1.6154000000000006,0.8503000000000003,-0.7651000000000003,NaSbO,-1.2049000000000003,2.917,20.0,4.1219
Na,Ta,O,,,0.4666000000000006,4.416,1.0,3.9494,1.4579000000000009,3.692800000000001,2.2349,NaTaO,-0.9913,0.7232,20.0,1.7145
Na,V,O,,,0.030400000000000205,2.5747,1.0,2.5443,0.9643000000000002,0.9592,-0.005100000000000104,NaVO,-0.9339,1.6155,20.0,2.5494
Pb,Ge,O,,,0.6235999999999997,7.1212,1.0,6.4976,1.2559000000000005,0.8765000000000001,-0.3794000000000004,PbGeO,-0.6323000000000008,6.2447,4.0,6.877000000000002
Pb,Hf,O,,,0.5268000000000006,7.1035,4.0,6.5767,1.1574000000000004,3.5526000000000004,2.3952,PbHfO,-0.6305999999999998,3.5509,4.0,4.1815
Pb,Si,O,,,0.6175999999999995,10.9603,1.0,10.3427,1.221599999999999,2.7851,1.5635000000000012,PbSiO,-0.6039999999999992,8.1752,4.0,8.7792
Pb,Sn,O,,,0.8244999999999996,8.4095,1.0,7.585,1.7804000000000002,3.1605,1.3800999999999997,PbSnO,-0.9559000000000006,5.249,10.0,6.2049
Pb,Ti,O,,,0.6082000000000001,7.9255,1.0,7.3173,1.1201000000000008,2.6510000000000007,1.5309,PbTiO,-0.5119000000000007,5.2745,4.0,5.7864
Pb,Zr,O,,,0.5353000000000003,8.2613,4.0,7.726,1.176400000000001,3.507000000000001,2.3306,PbZrO,-0.6411000000000007,4.7543,10.0,5.3954
Rb,Nb,O,,,0.3138000000000001,3.2155,1.0,2.9017,1.2592000000000003,2.6234,1.3642,RbNbO,-0.9454,0.5921,20.0,1.5375
Rb,Ta,O,,,0.4251000000000005,4.2360000000000015,1.0,3.8109,1.4167000000000003,3.4147000000000007,1.998,RbTaO,-0.9916,0.8213,20.0,1.8129
Rb,V,O,,,-0.02769999999999984,2.2905,1.0,2.3182,0.9241,0.9915,0.06740000000000013,RbVO,-0.9517999999999998,1.2990000000000002,20.0,2.2508
Sc,Al,O,,,0.6522999999999994,8.2028,1.0,7.5505,1.432199999999999,2.8690999999999995,1.4369000000000005,ScAlO,-0.7798999999999996,5.3337,20.0,6.1136
Sc,Ga,O,,,0.5880000000000001,6.7772,1.0,6.1892,1.3398000000000003,2.7158999999999995,1.3760999999999992,ScGaO,-0.7518000000000002,4.0613,20.0,4.8131
Sc,In,O,,,0.4196000000000009,5.6534,1.0,5.2338,1.2029000000000003,1.2709,0.06799999999999963,ScInO,-0.7832999999999997,4.3825,20.0,5.1658
Sn,Ge,O,,,0.6703000000000001,7.5829,1.0,6.9126,1.141,0.2976000000000001,-0.8433999999999999,SnGeO,-0.4706999999999999,7.2853,4.0,7.756
Sn,Hf,O,,,0.4924,6.8232,4.0,6.3308,0.9928,2.6924,1.6996000000000002,SnHfO,-0.5004,4.1308,4.0,4.6312
Sn,Si,O,,,0.6716999999999995,11.6474,1.0,10.9757,1.1079000000000008,2.2135,1.105599999999999,SnSiO,-0.4362000000000013,9.4339,4.0,9.8701
Sn,Sn,O,,,0.8603999999999994,8.6657,1.0,7.8053,1.4379,2.6899999999999995,1.2520999999999995,SnSnO,-0.5775000000000006,5.9757,4.0,6.5532
Sn,Ti,O,,,0.6296999999999997,8.0261,1.0,7.3964,0.9909999999999995,1.9445999999999997,0.9535999999999998,SnTiO,-0.3613,6.0815,4.0,6.4428
Sn,Zr,O,,,0.4995000000000003,7.9901,4.0,7.4906,0.9881000000000002,2.6765,1.6883999999999997,SnZrO,-0.4885999999999999,5.3136,4.0,5.8022
Sr,Ge,O,,,0.6784999999999997,5.3801,1.0,4.7016,1.7985999999999995,1.9913,0.19270000000000032,SrGeO,-1.1201,3.3888,20.0,4.5089
Sr,Hf,O,,,0.7144000000000004,6.7861,1.0,6.0717,1.6424000000000007,5.3317000000000005,3.6893,SrHfO,-0.9280000000000002,1.4544,20.0,2.3824
Sr,Si,O,,,0.6722000000000001,9.3029,1.0,8.6307,1.8271000000000008,4.7178,2.890699999999999,SrSiO,-1.1549000000000005,4.5851,20.0,5.74
Sr,Sn,O,,,0.7519,6.4906,1.0,5.7387,1.8168,3.1369,1.3201,SrSnO,-1.0648999999999995,3.3537,20.0,4.4186
Sr,Ti,O,,,0.5954999999999995,5.7455,1.0,5.15,1.4950999999999994,3.2837,1.7886000000000002,SrTiO,-0.8996,2.4618,20.0,3.3614
Sr,Zr,O,,,0.7280000000000006,7.7102,1.0,6.9822,1.6181000000000014,4.906600000000001,3.2884999999999995,SrZrO,-0.8901000000000003,2.8036,20.0,3.6937
Y,Al,O,,,0.6751000000000005,9.2112,1.0,8.5361,1.6180000000000003,4.4221,2.8040999999999987,YAlO,-0.9428999999999998,4.7891,20.0,5.732
Y,Ga,O,,,0.6508000000000003,8.0525,1.0,7.4017,1.5663999999999998,4.2953,2.7289000000000003,YGaO,-0.9155999999999996,3.7572,20.0,4.6728
Y,In,O,,,0.5640999999999998,7.266,1.0,6.7019,1.418,2.7843,1.3662999999999998,YInO,-0.8539000000000003,4.4817,20.0,5.3356
Y,Tl,O,,,0.6551,5.4651,1.0,4.81,1.2891000000000004,0.6234999999999999,-0.6656000000000004,YTlO,-0.6340000000000003,4.8416,20.0,5.4756
Zn,Ge,O,,,0.7216999999999998,4.4127,1.0,3.691,1.7167,1.0182000000000002,-0.6984999999999997,ZnGeO,-0.995,3.3945,10.0,4.3895
Zn,Si,O,,,0.7669000000000006,6.4633,1.0,5.6964,1.8186000000000009,1.4834000000000005,-0.3352000000000004,ZnSiO,-1.0517000000000003,4.9799,10.0,6.0316
Zn,Sn,O,,,0.4777,3.1672,1.0,2.6895,1.3481000000000003,0.2732000000000001,-1.0749000000000004,ZnSnO,-0.8704000000000005,2.894,10.0,3.7644
Zn,Ti,O,,,0.5105000000000004,2.7141,1.0,2.2036,1.2328,0.6274000000000002,-0.6053999999999999,ZnTiO,-0.7222999999999997,2.0867,10.0,2.809
Ag,As,O,153.7158778008576,153.7158778008576,-0.7582000000000004,5.3412,1.0,6.0994,0.31879999999999953,0.31879999999999953,0.0,AgAsO,-1.077,5.0224,1.0,6.0994
Ag,Nb,O,153.87300784101592,153.87300784101592,0.3683000000000005,5.8654,41.0,5.4971,1.3301000000000007,3.0426,1.7124999999999997,AgNbO,-0.9618000000000002,2.8228,22.0,3.7846
Ag,P,O,113.82865582543889,113.82865582543889,0.4811999999999994,4.7272,1.0,4.246,1.6309999999999991,3.1321,1.5011000000000003,AgPO,-1.1498,1.5951,54.0,2.7449
Ag,Sb,O,151.21359515854041,151.21359515854041,-0.4042000000000003,6.2258,1.0,6.63,0.6898999999999997,0.6898999999999997,0.0,AgSbO,-1.0941,5.5359,1.0,6.63
Ag,V,O,159.44027735520882,159.44027735520882,0.2927999999999997,4.9729,15.0,4.6801,1.182,2.4313,1.2493000000000003,AgVO,-0.8892000000000002,2.5416,14.0,3.4308
Au,Nb,O,153.88543651407778,153.88543651407778,0.2522000000000002,5.3529,11.0,5.1007,0.9598000000000004,1.3845,0.4246999999999996,AuNbO,-0.7076000000000002,3.9684,23.0,4.676
Au,P,O,83.37380011117398,83.37380011117398,0.3360000000000003,4.7409,52.0,4.4049,1.2722000000000002,2.8751,1.6028999999999995,AuPO,-0.9362,1.8658,53.0,2.802
Au,V,O,159.8970054520192,159.8970054520192,0.2762000000000002,4.1261,41.0,3.8499,0.7862000000000005,1.2714000000000003,0.4851999999999999,AuVO,-0.5100000000000002,2.8547,17.0,3.3647
Ba,Hf,O,179.91212384895053,179.91212384895053,0.6796999999999995,6.5596,1.0,5.8799,1.6181999999999992,5.120799999999999,3.5026,BaHfO,-0.9385,1.4388,1.0,2.3773
Ba,Sn,O,177.67239832576894,177.67239832576894,0.6725000000000003,5.6355,1.0,4.963,1.7395,2.4802000000000004,0.7407000000000004,BaSnO,-1.0669999999999995,3.1553,1.0,4.2223
Ba,Ti,O,179.97581373781085,179.97581373781085,0.5282,5.3512,1.0,4.823,1.4394,3.1398000000000006,1.7004000000000006,BaTiO,-0.9112,2.2114,1.0,3.1226
Ba,Zr,O,175.1035324121356,175.1035324121356,0.6890999999999998,7.4554,1.0,6.7663,1.5887000000000002,4.7476,3.1589,BaZrO,-0.8996,2.7078,1.0,3.6074
Be,Ge,O,132.43470628852768,132.43470628852768,0.6767999999999992,8.4218,1.0,7.745,1.873499999999999,5.048499999999999,3.175,BeGeO,-1.1967000000000003,3.3733,1.0,4.57
Be,Si,O,135.97972740358523,135.97972740358523,0.801499999999999,13.058,1.0,12.2565,2.0234999999999985,8.0306,6.007100000000001,BeSiO,-1.2219999999999995,5.0274,1.0,6.2494
Bi,Al,O,161.5750500213669,161.5750500213669,0.3963000000000001,10.4499,10.0,10.0536,1.1500000000000004,4.0169,2.8669,BiAlO,-0.7537000000000003,6.433,16.0,7.1867
Bi,Ga,O,155.3577618410467,155.3577618410467,0.3947000000000003,9.2178,51.0,8.8231,1.0887000000000002,3.7522,2.6635,BiGaO,-0.6940000000000001,5.4656,52.0,6.1596
Bi,In,O,142.8831967386142,142.8831967386142,0.4911000000000012,9.0265,49.0,8.5354,1.1791000000000011,4.2499,3.0707999999999998,BiInO,-0.6879999999999997,4.7766,57.0,5.4646
Bi,Tl,O,135.3576182087904,135.3576182087904,0.3467999999999991,6.8538,2.0,6.5070000000000014,0.9827999999999985,2.5894999999999992,1.606700000000001,BiTlO,-0.6359999999999992,4.2643,19.0,4.9003
Ca,Hf,O,150.49547083463395,150.49547083463395,0.7445999999999993,7.2799,1.0,6.5353,1.7168999999999992,5.9327999999999985,4.2159,CaHfO,-0.9723,1.3471,1.0,2.3194
Ca,Si,O,169.90230652926147,169.90230652926147,0.7714999999999996,11.2437,1.0,10.4722,1.8759,6.0916000000000015,4.215700000000001,CaSiO,-1.1044,5.1521,1.0,6.2565
Ca,Sn,O,149.66070990773326,149.66070990773326,0.5729999999999995,7.2985,1.0,6.7255,1.6257,4.0823,2.4566,CaSnO,-1.0527000000000002,3.2162,9.0,4.2689
Ca,Ti,O,157.27155760464692,157.27155760464692,0.6334,6.2413,1.0,5.6079,1.5146000000000002,3.798,2.2834,CaTiO,-0.8812000000000002,2.4433,1.0,3.3245
Cd,Si,O,159.21741644871608,159.21741644871608,0.7370999999999981,8.783999999999999,1.0,8.0469,1.8921999999999979,4.468299999999998,2.5761000000000007,CdSiO,-1.1551,4.3157,1.0,5.4708
Cd,Sn,O,145.6256870440618,145.6256870440618,0.6092999999999993,5.3748,1.0,4.7655,1.6925999999999992,2.458,0.7654000000000005,CdSnO,-1.0833,2.9168,1.0,4.0001
Cd,Zr,O,145.75165906762172,145.75165906762172,0.6988999999999992,6.424,1.0,5.7251,1.6404999999999994,4.127,2.4865000000000004,CdZrO,-0.9416000000000002,2.297,12.0,3.2386
Cs,As,O,62.564624541997226,62.564624541997226,0.3606,2.1328,1.0,1.7722,1.5332,2.6519999999999997,1.1188,CsAsO,-1.1726,-0.5192,34.0,0.6534
Cs,Nb,O,149.63202485801,149.63202485801,0.4715000000000002,3.5819,1.0,3.1104,1.3992000000000002,2.9118,1.5125999999999995,CsNbO,-0.9277,0.6701,1.0,1.5978
Cs,P,O,126.35757179616057,126.35757179616057,0.5933000000000002,3.2606,1.0,2.6673,1.8482,5.2226,3.3744,CsPO,-1.2549,-1.962,1.0,-0.7071
Cs,Ta,O,150.32611319571757,150.32611319571757,0.5556999999999999,4.5619,1.0,4.0062,1.5330999999999997,3.8036,2.2705,CsTaO,-0.9774,0.7583,1.0,1.7357
Cs,V,O,168.03196480636848,168.03196480636848,0.4895000000000005,3.2785,54.0,2.789,1.4763000000000006,4.0052,2.5289,CsVO,-0.9868,-0.7267,1.0,0.2601
Cu,Nb,O,142.84097852902167,142.84097852902167,0.1820000000000004,4.9221,41.0,4.7401,0.9459999999999996,1.2911,0.3451000000000004,CuNbO,-0.7639999999999993,3.631,35.0,4.395
K,As,O,179.95346927312946,179.95346927312946,-1.1059999999999999,1.9536,2.0,3.0596,0.05079999999999996,-0.15259999999999985,-0.2033999999999998,KAsO,-1.1568,2.1062,1.0,3.263
K,Nb,O,179.95407167228763,179.95407167228763,0.3458000000000001,3.1479,1.0,2.8021,1.2886000000000004,2.7042,1.4155999999999995,KNbO,-0.9428,0.4437,1.0,1.3865
K,P,O,49.7988066324823,49.7988066324823,0.4816000000000002,4.7455,1.0,4.2639,1.7104,6.7874,5.077,KPO,-1.2288,-2.0419,36.0,-0.8131
K,Sb,O,173.06686615186837,173.06686615186837,-0.6069,3.3564,1.0,3.9633,0.5827,0.7205999999999997,0.1378999999999997,KSbO,-1.1896,2.6358,1.0,3.8254
K,V,O,132.16770506999293,132.16770506999293,0.4749999999999997,3.155,10.0,2.68,1.4155999999999995,3.5641,2.1485000000000003,KVO,-0.9406,-0.4091,1.0,0.5315
La,Al,O,168.28546851072383,168.28546851072383,0.6365999999999996,12.4885,1.0,11.8519,1.609,5.5575,3.9485,LaAlO,-0.9724000000000004,6.931,29.0,7.9034
La,Ga,O,158.71739790777946,158.71739790777946,0.9187999999999992,11.3296,1.0,10.4108,1.8511999999999984,5.577399999999999,3.7262,LaGaO,-0.9323999999999996,5.7522,29.0,6.6846
La,Tl,O,141.38728902257841,141.38728902257841,0.4146000000000001,7.3844,1.0,6.9698,1.1047000000000002,2.0799000000000003,0.9752,LaTlO,-0.6901000000000002,5.3045,1.0,5.9946
Li,Nb,O,138.66897210914348,138.66897210914348,0.44200000000000017,5.1384,6.0,4.6964,1.419,4.7608,3.3418,LiNbO,-0.977,0.3776,1.0,1.3546
Li,P,O,149.33776133739275,149.33776133739275,0.5082999999999984,10.4927,1.0,9.9844,1.812999999999998,5.394399999999999,3.581400000000001,LiPO,-1.3046999999999995,5.0983,1.0,6.403
Li,Sb,O,140.0354772034315,140.0354772034315,0.28520000000000056,6.7853,1.0,6.5001,1.491200000000001,3.5878000000000005,2.0966,LiSbO,-1.2060000000000004,3.1975,2.0,4.4035
Li,V,O,140.27973884407098,140.27973884407098,0.3421000000000003,4.4615,8.0,4.1194,1.2855000000000003,3.573,2.2875,LiVO,-0.9434,0.8885,1.0,1.8319
Mg,Si,O,150.6155643447843,150.6155643447843,0.7635000000000005,11.9627,1.0,11.1992,1.9549000000000003,7.5778,5.6229,MgSiO,-1.1913999999999998,4.3849,2.0,5.5763
Mg,Sn,O,138.75081775397214,138.75081775397214,0.5579999999999998,6.9798,1.0,6.4218,1.6538,3.8656,2.2118,MgSnO,-1.0958,3.1142,1.0,4.21
Mg,Ti,O,143.81233491143453,143.81233491143453,0.6048,6.1048,1.0,5.5,1.5227,3.8577,2.335,MgTiO,-0.9179,2.2471,1.0,3.165
Na,Nb,O,158.32838505315084,158.32838505315084,0.3653999999999997,3.6723,1.0,3.3069,1.335,3.29,1.955,NaNbO,-0.9696,0.3823,10.0,1.3519
Na,P,O,163.12652555285553,163.12652555285553,0.1365999999999996,7.9228,1.0,7.7862,1.4317000000000002,2.9337,1.5019999999999998,NaPO,-1.2951000000000006,4.9891,1.0,6.2842
Na,Sb,O,152.91677707033458,152.91677707033458,0.09729999999999972,5.4444,1.0,5.3471,1.3098999999999994,2.6054,1.2955000000000003,NaSbO,-1.2125999999999997,2.839,1.0,4.0516
Na,V,O,146.92464158969062,146.92464158969062,0.3496000000000001,3.9438,1.0,3.5942,1.2954,3.0991,1.8037,NaVO,-0.9458,0.8447,1.0,1.7905
Pb,Si,O,179.98424926768138,179.98424926768138,0.6187000000000005,10.9616,1.0,10.3429,1.3560000000000016,2.9194000000000013,1.5633999999999997,PbSiO,-0.7373000000000012,8.0422,7.0,8.7795
Pb,Ti,O,160.15157619922977,160.15157619922977,0.7046000000000001,7.7347,29.0,7.0301,1.4578000000000009,3.0692000000000004,1.6113999999999995,PbTiO,-0.7532000000000005,4.6655,10.0,5.4187
Rb,As,O,179.99438824453895,179.99438824453895,-1.1141,1.711,2.0,2.8251,0.046399999999999775,-0.14040000000000008,-0.18679999999999986,RbAsO,-1.1605,1.8514,1.0,3.0119
Rb,Nb,O,171.2044368151295,171.2044368151295,0.3746,3.8894,1.0,3.5148,1.3287,3.5276,2.1989,RbNbO,-0.9541,0.3618,1.0,1.3159
Rb,P,O,62.8453167121,62.8453167121,0.4818999999999996,4.2848,1.0,3.8029,1.67,6.5822,4.9122,RbPO,-1.1881000000000002,-2.2974,3.0,-1.1093
Rb,Ta,O,179.97979607431478,179.97979607431478,0.42500000000000027,4.2351,1.0,3.8101,1.4099000000000004,3.4062,1.9963,RbTaO,-0.9849,0.8289,1.0,1.8138
Rb,V,O,128.49280179809062,128.49280179809062,0.5183,2.9322,10.0,2.4139,1.4932000000000003,4.0095,2.5163,RbVO,-0.9749,-1.0773,1.0,-0.1024
Sc,Al,O,147.08048547901387,147.08048547901387,0.8467999999999982,10.1878,1.0,9.341,1.8173999999999984,5.778599999999999,3.9612000000000007,ScAlO,-0.9706,4.4092,1.0,5.3798
Sc,In,O,127.32900209863779,127.32900209863779,0.6697999999999995,7.4567,1.0,6.7869,1.6067,4.4314,2.8247,ScInO,-0.9369,3.0253,1.0,3.9622
Sc,Tl,O,119.95135864694176,119.95135864694176,0.36770000000000014,5.3756,1.0,5.0079,1.239,2.5134000000000003,1.2744000000000004,ScTlO,-0.8712999999999997,2.8622,1.0,3.7335
Sn,Ge,O,141.17819542960797,141.17819542960797,0.4345999999999997,7.0874,1.0,6.6528,1.0419999999999998,0.2915000000000001,-0.7504999999999997,SnGeO,-0.6074000000000002,6.7959,10.0,7.4033
Sn,Hf,O,156.30281280400146,156.30281280400146,0.7511000000000001,8.2082,10.0,7.4571,1.2691,3.2476,1.9784999999999997,SnHfO,-0.5179999999999998,4.9606,10.0,5.4786
Sn,Sn,O,155.55099820205058,155.55099820205058,0.5509000000000004,9.2551,1.0,8.7042,1.0520000000000005,2.3969000000000005,1.3449,SnSnO,-0.5011000000000001,6.8582,21.0,7.3593
Sn,Ti,O,147.91233826375878,147.91233826375878,0.7647999999999993,7.4956,1.0,6.7308,1.3266999999999989,2.1614999999999998,0.8348000000000004,SnTiO,-0.5618999999999996,5.3341,10.0,5.896
Sn,Zr,O,154.12267329198815,154.12267329198815,0.7048000000000005,9.4702,29.0,8.7654,1.1833000000000011,3.1261,1.9427999999999992,SnZrO,-0.4785000000000004,6.3441,10.0,6.8226
Sr,Ge,O,172.51476174158023,172.51476174158023,0.4006999999999996,5.5084,1.0,5.1077,1.5145,2.2469,0.7324000000000002,SrGeO,-1.1138000000000003,3.2615,1.0,4.3753
Sr,Si,O,179.99692108341182,179.99692108341182,0.6720999999999986,9.3006,1.0,8.6285,1.8232999999999988,4.7121,2.8888000000000007,SrSiO,-1.1512000000000002,4.5885,1.0,5.7397
Sr,Zr,O,157.71734351402566,157.71734351402566,0.7111000000000001,7.8713,1.0,7.1602,1.6480000000000006,5.3254,3.6774,SrZrO,-0.9369,2.5459,7.0,3.4828
Y,Ga,O,149.8386150802008,149.8386150802008,0.845600000000001,8.9077,1.0,8.0621,1.8247000000000009,5.9239999999999995,4.0993,YGaO,-0.9791000000000004,2.9837,1.0,3.9628
Y,In,O,135.59356347592242,135.59356347592242,0.6222999999999992,6.6854,1.0,6.0631,1.5716999999999983,4.259599999999999,2.6879000000000004,YInO,-0.9493999999999998,2.4258,6.0,3.3752
Y,Tl,O,128.69514662759192,128.69514662759192,0.2798000000000007,4.4663,1.0,4.1865,1.0824000000000007,2.3649000000000004,1.2824999999999998,YTlO,-0.8026,2.1014,1.0,2.904
Zn,Ge,O,143.6158908567099,143.6158908567099,0.6794000000000002,6.5511,1.0,5.8717,1.9181000000000008,3.7027,1.7845999999999993,ZnGeO,-1.2387000000000006,2.8484,1.0,4.0871
Zn,Ti,O,142.34827550816868,142.34827550816868,0.6397000000000004,5.6874,8.0,5.0477,1.5920000000000003,3.958,2.366,ZnTiO,-0.9523,1.7294,9.0,2.6817
Zn,Zr,O,137.85572737154752,137.85572737154752,0.7966000000000006,7.7156,1.0,6.919,1.8253000000000004,5.3761,3.5508,ZnZrO,-1.0286999999999995,2.3395,9.0,3.3682
